{"cameraMode":{"drawMode":0,"name":"Shaded","section":"Shading Mode"},"sceneLighting":true,"audioPlay":false,"sceneViewState":{"m_AlwaysRefresh":false,"showFog":true,"showSkybox":true,"showFlares":true,"showImageEffects":true,"showParticleSystems":true,"showVisualEffectGraphs":true,"m_FxEnabled":true},"in2DMode":false,"pivot":{"x":-2.453197956085205,"y":-0.46643924713134768,"z":-5.158563613891602},"rotation":{"x":0.11819396913051605,"y":-0.022341037169098855,"z":0.002659633755683899,"w":0.9927453994750977},"size":8.176154136657715,"orthographic":false}